-- phpMyAdmin SQL Dump
-- version 5.0.4
-- https://www.phpmyadmin.net/
--
-- Host: 127.0.0.1
-- Generation Time: Apr 18, 2021 at 12:47 PM
-- Server version: 10.4.17-MariaDB
-- PHP Version: 7.4.15

SET SQL_MODE = "NO_AUTO_VALUE_ON_ZERO";
START TRANSACTION;
SET time_zone = "+00:00";


/*!40101 SET @OLD_CHARACTER_SET_CLIENT=@@CHARACTER_SET_CLIENT */;
/*!40101 SET @OLD_CHARACTER_SET_RESULTS=@@CHARACTER_SET_RESULTS */;
/*!40101 SET @OLD_COLLATION_CONNECTION=@@COLLATION_CONNECTION */;
/*!40101 SET NAMES utf8mb4 */;

--
-- Database: `invoice_generator`
--

-- --------------------------------------------------------

--
-- Table structure for table `tbl_info`
--

CREATE TABLE `tbl_info` (
  `iid` int(11) NOT NULL,
  `invnumber` varchar(50) NOT NULL,
  `username` varchar(50) NOT NULL,
  `fromto` varchar(255) NOT NULL,
  `billto` varchar(255) NOT NULL,
  `shipto` varchar(255) NOT NULL,
  `invdate` date NOT NULL,
  `payterms` varchar(255) NOT NULL,
  `duedate` date NOT NULL,
  `notes` varchar(255) NOT NULL,
  `terms` varchar(255) NOT NULL,
  `taxpercent` decimal(6,2) NOT NULL,
  `taxflat` decimal(8,2) NOT NULL,
  `discountpercent` decimal(6,2) NOT NULL,
  `discountflat` decimal(8,2) NOT NULL,
  `shippingpercent` decimal(6,2) NOT NULL,
  `shippingflat` decimal(8,2) NOT NULL,
  `subtotal` decimal(8,2) NOT NULL,
  `grandtotal` decimal(8,2) NOT NULL,
  `paidamount` decimal(8,2) NOT NULL,
  `duebalance` decimal(8,2) NOT NULL
) ENGINE=InnoDB DEFAULT CHARSET=utf8mb4;

--
-- Dumping data for table `tbl_info`
--

INSERT INTO `tbl_info` (`iid`, `invnumber`, `username`, `fromto`, `billto`, `shipto`, `invdate`, `payterms`, `duedate`, `notes`, `terms`, `taxpercent`, `taxflat`, `discountpercent`, `discountflat`, `shippingpercent`, `shippingflat`, `subtotal`, `grandtotal`, `paidamount`, `duebalance`) VALUES
(1, '', '', 'sdasda', '', '', '0000-00-00', 'adasd', '0000-00-00', '', '', '0.00', '0.00', '0.00', '0.00', '0.00', '0.00', '0.00', '0.00', '0.00', '0.00'),
(2, '', '', 'dasd', '', '', '0000-00-00', 'asdasd', '0000-00-00', '', '', '0.00', '0.00', '0.00', '0.00', '0.00', '0.00', '0.00', '0.00', '0.00', '0.00'),
(3, '', '', 'sadasd', '', '', '0000-00-00', 'adsasd', '0000-00-00', '', '', '0.00', '0.00', '0.00', '0.00', '0.00', '0.00', '0.00', '0.00', '0.00', '0.00'),
(4, '', '', 'sdasd', '', '', '0000-00-00', 'adasd', '0000-00-00', '', '', '0.00', '0.00', '0.00', '0.00', '0.00', '0.00', '0.00', '0.00', '0.00', '0.00'),
(5, '', '', 'dasd', '', '', '0000-00-00', 'adasd', '0000-00-00', '', '', '0.00', '0.00', '0.00', '0.00', '0.00', '0.00', '0.00', '0.00', '0.00', '0.00'),
(6, '', '', '', '', '', '0000-00-00', 'dasd', '0000-00-00', '', '', '0.00', '0.00', '0.00', '0.00', '0.00', '0.00', '0.00', '0.00', '0.00', '0.00'),
(7, '', '', '', '', '', '0000-00-00', 'dasdads', '0000-00-00', '', '', '0.00', '0.00', '0.00', '0.00', '0.00', '0.00', '0.00', '0.00', '0.00', '0.00'),
(8, '', '', '', '', '', '0000-00-00', 'dadsa', '0000-00-00', '', '', '0.00', '0.00', '0.00', '0.00', '0.00', '0.00', '0.00', '0.00', '0.00', '0.00'),
(9, '', '', '', '', '', '2021-04-01', 'adasd', '0000-00-00', '', '', '0.00', '0.00', '0.00', '0.00', '0.00', '0.00', '0.00', '0.00', '0.00', '0.00'),
(10, '', '', '', '', '', '0000-00-00', 'da', '0000-00-00', '', '', '0.00', '0.00', '0.00', '0.00', '0.00', '0.00', '0.00', '0.00', '0.00', '0.00'),
(11, '', '', 'zeropoint', 'agfjgsjfgj', 'sadfsadf', '2021-04-04', 'sdfsadf', '2021-04-05', 'sfdfdsf', '', '2.00', '0.00', '0.00', '0.00', '0.00', '0.00', '0.00', '0.00', '12.00', '0.00'),
(12, '', '', 'adasd', 'asda', 'das', '2021-04-04', 'dasd', '2021-04-05', '', '', '3.00', '0.00', '0.00', '0.00', '0.00', '0.00', '0.00', '0.00', '12.00', '0.00'),
(13, '', '', 'asasfdasf', 'dsfsadf', 'sdfasf', '2021-04-04', 'asfdasf', '2021-04-05', '', '', '32.00', '0.00', '0.00', '0.00', '0.00', '0.00', '0.00', '0.00', '123.00', '0.00'),
(14, '', '', 'asdfasdf', 'sfdsdfsfd', 'sdfsadfsadf', '2021-04-04', 'dfsdfsdf', '2021-04-05', '', '', '5.00', '0.00', '0.00', '0.00', '0.00', '0.00', '0.00', '0.00', '45.00', '0.00'),
(15, '', '', '', '', '', '2021-04-04', 'asdasd', '2021-04-05', '', '', '0.00', '0.00', '0.00', '0.00', '0.00', '0.00', '0.00', '0.00', '0.00', '0.00'),
(16, '', '', '', '', '', '2021-04-04', 'asdasd', '2021-04-05', '', '', '0.00', '0.00', '0.00', '0.00', '0.00', '0.00', '0.00', '0.00', '0.00', '0.00'),
(17, '', '', '', '', '', '2021-04-04', 'asdasd', '2021-04-05', '', '', '0.00', '0.00', '0.00', '0.00', '0.00', '0.00', '0.00', '0.00', '0.00', '0.00'),
(18, '', '', '', '', '', '2021-04-04', 'asdasfsdfd', '2021-04-05', '', '', '0.00', '0.00', '0.00', '0.00', '0.00', '0.00', '0.00', '0.00', '0.00', '0.00'),
(19, '', '', '', '', '', '2021-04-04', 'asdasfsdfd', '2021-04-05', '', '', '0.00', '0.00', '0.00', '0.00', '0.00', '0.00', '0.00', '0.00', '0.00', '0.00'),
(20, '', '', '', '', '', '2021-04-04', 'fzsdfsf', '2021-04-05', '', '', '0.00', '0.00', '0.00', '0.00', '0.00', '0.00', '0.00', '0.00', '0.00', '0.00'),
(21, '', '', '', '', '', '2021-04-04', 'fzsdfsf', '2021-04-05', '', '', '0.00', '0.00', '0.00', '0.00', '0.00', '0.00', '0.00', '0.00', '0.00', '0.00'),
(22, '', '', '', '', '', '2021-04-04', 'fzsdfsf', '2021-04-05', '', '', '0.00', '0.00', '0.00', '0.00', '0.00', '0.00', '0.00', '0.00', '0.00', '0.00'),
(23, '', '', '', '', '', '2021-04-04', 'fzsdfsf', '2021-04-05', '', '', '0.00', '0.00', '0.00', '0.00', '0.00', '0.00', '0.00', '0.00', '0.00', '0.00'),
(24, '', '', '', '', '', '2021-04-04', 'fzsdfsf', '2021-04-05', '', '', '0.00', '0.00', '0.00', '0.00', '0.00', '0.00', '0.00', '0.00', '0.00', '0.00'),
(25, '', '', '', '', '', '2021-04-04', 'fzsdfsf', '2021-04-05', '', '', '0.00', '0.00', '0.00', '0.00', '0.00', '0.00', '0.00', '0.00', '0.00', '0.00'),
(26, '', '', '', '', '', '2021-04-04', 'adasd', '2021-04-05', '', '', '0.00', '0.00', '0.00', '0.00', '0.00', '0.00', '0.00', '0.00', '0.00', '0.00'),
(27, '', '', '', '', '', '2021-04-04', 'adasd', '2021-04-05', '', '', '0.00', '0.00', '0.00', '0.00', '0.00', '0.00', '0.00', '0.00', '0.00', '0.00'),
(28, '', '', '', '', '', '2021-04-04', 'adasd', '2021-04-05', '', '', '0.00', '0.00', '0.00', '0.00', '0.00', '0.00', '0.00', '0.00', '0.00', '0.00'),
(29, '', '', '', '', '', '2021-04-04', 'adasd', '2021-04-05', '', '', '0.00', '0.00', '0.00', '0.00', '0.00', '0.00', '0.00', '0.00', '0.00', '0.00'),
(30, '', '', '', '', '', '2021-04-04', 'adasd', '2021-04-05', '', '', '0.00', '0.00', '0.00', '0.00', '0.00', '0.00', '0.00', '0.00', '0.00', '0.00'),
(31, '', '', '', '', '', '2021-04-04', 'adasd', '2021-04-05', '', '', '0.00', '0.00', '0.00', '0.00', '0.00', '0.00', '0.00', '0.00', '0.00', '0.00'),
(32, '', '', '', '', '', '2021-04-04', 'adasd', '2021-04-05', '', '', '0.00', '0.00', '0.00', '0.00', '0.00', '0.00', '0.00', '0.00', '0.00', '0.00'),
(33, '', '', '', '', '', '2021-04-04', 'adasd', '2021-04-05', '', '', '0.00', '0.00', '0.00', '0.00', '0.00', '0.00', '0.00', '0.00', '0.00', '0.00'),
(34, '', '', '', '', '', '2021-04-04', 'adasd', '2021-04-05', '', '', '0.00', '0.00', '0.00', '0.00', '0.00', '0.00', '0.00', '0.00', '0.00', '0.00'),
(35, '', '', '', '', '', '2021-04-04', 'adasd', '2021-04-05', '', '', '0.00', '0.00', '0.00', '0.00', '0.00', '0.00', '0.00', '0.00', '0.00', '0.00'),
(36, '', '', '', '', '', '2021-04-04', 'adasd', '2021-04-05', '', '', '0.00', '0.00', '0.00', '0.00', '0.00', '0.00', '0.00', '0.00', '0.00', '0.00'),
(37, '', '', '', '', '', '2021-04-04', 'adasd', '2021-04-05', '', '', '0.00', '0.00', '0.00', '0.00', '0.00', '0.00', '0.00', '0.00', '0.00', '0.00'),
(38, '', '', '', '', '', '2021-04-04', 'adasd', '2021-04-05', '', '', '0.00', '0.00', '0.00', '0.00', '0.00', '0.00', '0.00', '0.00', '0.00', '0.00'),
(39, '', '', '', '', '', '2021-04-04', 'adasd', '2021-04-06', '', '', '0.00', '0.00', '0.00', '0.00', '0.00', '0.00', '0.00', '0.00', '0.00', '0.00'),
(40, '', '', '', '', '', '2021-04-06', 'adasd', '2021-04-07', '', '', '0.00', '0.00', '0.00', '0.00', '0.00', '0.00', '0.00', '0.00', '0.00', '0.00'),
(41, '', '', '', '', '', '2021-04-06', 'adasd', '2021-04-07', '', '', '0.00', '0.00', '0.00', '0.00', '0.00', '0.00', '0.00', '0.00', '0.00', '0.00'),
(42, '', '', '', '', '', '2021-04-06', 'adasd', '2021-04-07', '', '', '0.00', '0.00', '0.00', '0.00', '0.00', '0.00', '0.00', '0.00', '0.00', '0.00'),
(43, '', '', '', '', '', '2021-04-06', 'adasd', '2021-04-07', '', '', '0.00', '0.00', '0.00', '0.00', '0.00', '0.00', '0.00', '0.00', '0.00', '0.00'),
(44, '', '', '', '', '', '2021-04-06', 'adasd', '2021-04-07', '', '', '0.00', '0.00', '0.00', '0.00', '0.00', '0.00', '0.00', '0.00', '0.00', '0.00'),
(45, '', '', 'zeropoint', 'titu', 'rajshahi', '2021-04-06', 'demo', '2021-04-07', 'demo notes', 'demo terms', '2.00', '0.00', '0.00', '0.00', '0.00', '0.00', '0.00', '0.00', '12.00', '0.00'),
(46, '', '', 'zeropoint', 'titu', 'rajshahi', '2021-04-06', 'demo', '2021-04-07', 'demo notes', 'demo terms', '2.00', '0.00', '0.00', '0.00', '0.00', '0.00', '0.00', '0.00', '12.00', '0.00'),
(47, '', '', 'zeropoint', 'titu', 'rajshahi', '2021-04-06', 'demo', '2021-04-07', 'demo notes', 'demo terms', '2.00', '0.00', '0.00', '0.00', '0.00', '0.00', '0.00', '0.00', '12.00', '0.00'),
(48, '', '', 'zeropoint', 'titu', 'rajshahi', '2021-04-06', 'demo', '2021-04-07', 'demo notes', 'demo terms', '2.00', '0.00', '0.00', '0.00', '0.00', '0.00', '0.00', '0.00', '12.00', '0.00'),
(49, '', '', '', '', '', '2021-04-06', 'adasd', '2021-04-07', '', '', '0.00', '0.00', '0.00', '0.00', '0.00', '0.00', '0.00', '0.00', '0.00', '0.00'),
(50, '', '', '', '', '', '2021-04-06', 'adasd', '2021-04-07', '', '', '0.00', '0.00', '0.00', '0.00', '0.00', '0.00', '0.00', '0.00', '0.00', '0.00'),
(51, '', '', 'zeropoint', 'titu', 'raj', '2021-04-06', 'adasd', '2021-04-07', 'asda', 'dasd', '9.00', '0.00', '0.00', '0.00', '0.00', '0.00', '0.00', '0.00', '12.00', '0.00'),
(52, '', '', 'fasf', 'sfdsd', 'sdfs', '2021-04-06', 'sdfsadf', '2021-04-07', 'rwer', 'werwer', '45.00', '0.00', '0.00', '0.00', '0.00', '0.00', '0.00', '0.00', '4.00', '0.00'),
(53, '', '', '', '', '', '2021-04-06', 'adasd', '2021-04-07', '', '', '0.00', '0.00', '0.00', '0.00', '0.00', '0.00', '0.00', '0.00', '0.00', '0.00'),
(54, '', '', '', '', '', '2021-04-06', 'adasd', '2021-04-07', '', '', '0.00', '0.00', '0.00', '0.00', '0.00', '0.00', '0.00', '0.00', '0.00', '0.00'),
(55, '', '', 'asdasda', '', '', '2021-04-07', 'asdasd', '2021-04-08', '', '', '1.00', '0.00', '0.00', '0.00', '0.00', '0.00', '0.00', '0.00', '1.00', '0.00'),
(56, '', '', 'asdasd', '', '', '2021-04-07', 'sdasd', '2021-04-08', '', '', '0.00', '0.00', '0.00', '0.00', '0.00', '0.00', '0.00', '0.00', '0.00', '0.00'),
(57, '07042155', '', 'fahdsfg', '', '', '2007-04-21', 'adasd', '2021-04-08', '', '', '0.00', '0.00', '0.00', '0.00', '0.00', '0.00', '0.00', '0.00', '0.00', '0.00'),
(58, '07042157', '', 'asdas', '', '', '2007-04-21', 'adasd', '2021-04-06', '', '', '0.00', '0.00', '0.00', '0.00', '0.00', '0.00', '0.00', '0.00', '0.00', '0.00'),
(59, '07042159', '', '59 number inv', '', '', '2007-04-21', 'dasd', '2021-04-08', '', '', '0.00', '0.00', '0.00', '0.00', '0.00', '0.00', '0.00', '0.00', '0.00', '0.00'),
(60, '07042160', '', '60 num', '', '', '2021-04-07', 'adasd', '2021-04-08', '', '', '3.00', '0.00', '0.00', '0.00', '0.00', '0.00', '0.00', '0.00', '22.00', '0.00'),
(61, '07042161', '', 'loclstorage', '', '', '2021-04-07', 'adasd', '2021-04-08', '', '', '0.00', '0.00', '0.00', '0.00', '0.00', '0.00', '0.00', '0.00', '0.00', '0.00'),
(62, '07042162', '', 'yyyyyyyyyyy', '', '', '2021-04-07', 'adasd', '2021-04-08', '', '', '0.00', '0.00', '0.00', '0.00', '0.00', '0.00', '0.00', '0.00', '0.00', '0.00'),
(63, '07042163', '', 'asdadsad', '', '', '2021-04-07', 'adasd', '2021-04-08', '', '', '0.00', '0.00', '0.00', '0.00', '0.00', '0.00', '0.00', '0.00', '0.00', '0.00'),
(64, '08042164', '', '', '', '', '2021-04-08', 'adasd', '2021-04-09', '', '', '0.00', '0.00', '0.00', '0.00', '0.00', '0.00', '0.00', '0.00', '0.00', '0.00'),
(65, '08042165', '', 'per', '', '', '2021-04-08', 'adasd', '2021-04-09', '', '', '1.00', '0.00', '0.00', '0.00', '0.00', '0.00', '0.00', '0.00', '0.00', '0.00'),
(66, '08042166', '', 'erwr', '', '', '2021-04-08', 'adasd', '2021-04-09', '', '', '0.00', '0.00', '0.00', '0.00', '0.00', '0.00', '0.00', '0.00', '0.00', '0.00'),
(67, '08042167', '', 'erwr', '', '', '2021-04-08', 'adasd', '2021-04-09', '', '', '0.00', '0.00', '0.00', '0.00', '0.00', '0.00', '0.00', '0.00', '0.00', '0.00'),
(68, '11042168', '', 'admin', '', '', '2021-04-11', 'adasd', '2021-04-12', '', '', '0.00', '0.00', '0.00', '0.00', '0.00', '0.00', '0.00', '0.00', '0.00', '0.00'),
(69, '11042169', 'root', 'fsdfaasf', '', '', '2021-04-11', 'adasd', '2021-04-12', '', '', '0.00', '0.00', '0.00', '0.00', '0.00', '0.00', '0.00', '0.00', '0.00', '0.00'),
(70, '11042170', 'root', 'afasf', '', '', '2021-04-11', 'adasd', '2021-04-12', '', '', '0.00', '0.00', '0.00', '0.00', '0.00', '0.00', '0.00', '0.00', '0.00', '0.00'),
(71, '11042171', 'admin', 'adASDAS', 'gjdjg', 'jagjdgajsdgjg', '2021-04-11', 'adasd', '2021-04-12', '', '', '0.00', '0.00', '0.00', '0.00', '0.00', '0.00', '0.00', '0.00', '0.00', '0.00'),
(72, '12042172', 'admin', 'titu', 'zero', 'raj', '2021-04-12', 'adasd', '2021-04-13', 'notes', 'terms', '2.00', '0.00', '1.00', '0.00', '5.00', '0.00', '0.00', '0.00', '5.00', '0.00'),
(73, '12042173', 'admin', 'tahidul', 'asdada', 'safdas', '2021-04-12', 'asdad', '2021-04-13', 'asfdasf', 'sdsadf', '1.00', '0.00', '0.00', '0.00', '0.00', '0.00', '0.00', '0.00', '1.00', '0.00'),
(74, '12042174', 'admin', 'dasdasd', 'asdasd', 'asdad', '2021-04-12', 'adasd', '2021-04-13', 'rwer', 'qqerqr', '1.00', '0.00', '0.00', '0.00', '0.00', '0.00', '0.00', '0.00', '1.00', '0.00'),
(75, '12042175', 'admin', '', '', '', '2021-04-12', 'adasd', '2021-04-13', '', '', '0.00', '0.00', '0.00', '0.00', '0.00', '0.00', '0.00', '0.00', '0.00', '0.00'),
(76, '12042176', 'admin', 'sdasda', 'asdad', 'fdgsdfgs', '2021-04-12', 'asdads', '2021-04-13', 'fasfd', '', '0.00', '0.00', '0.00', '0.00', '0.00', '0.00', '0.00', '0.00', '4.00', '0.00'),
(77, '12042177', 'admin', 'rqwrqwr', 'ghrhrh', 'jktyjkty', '2021-04-12', 'asdads', '2021-04-13', 'fasfdfsfasfasf', 'asdfasfdasf', '0.00', '5.00', '0.00', '0.00', '0.00', '0.00', '0.00', '0.00', '4.00', '0.00'),
(78, '13042178', 'admin', 'sagfjgasdfjg', 'jgdjsgafg', 'jhsgafdgasjdf', '2021-04-13', 'sdfasdf', '2021-04-14', 'dfasfdas', 'sadfsadf', '11.00', '0.00', '0.00', '2.00', '2.00', '0.00', '0.00', '0.00', '1.00', '0.00'),
(79, '13042179', 'admin', 'gajfgjasgfjgasdfjgjsgfjgdsjg', 'asdfjagsjdkfgasgfgwiehklfaklhsdfkjasybrywoirtoqwutoi jkayhfiyha\r\njklajshgkhadsf', 'lshdfkghskdhg\r\ndjgklsajhdgkjdk\r\nsdjglahsdfgjkhdaskjfghkajdhggbjsdg', '2021-04-13', 'asdfasffdasfdsfadasdfasdfasfdasfdasfasfd', '2021-04-07', 'jhaffaffjh', '', '0.00', '12.00', '32.00', '0.00', '0.00', '3.00', '0.00', '120.68', '15.00', '105.68'),
(80, '14042180', 'admin', 'Tahidul', 'zeropoint', 'Rajshahi', '2021-04-14', 'bikash', '2021-04-15', 'Demo Notes', 'Demo Terms', '0.00', '5000.00', '5.00', '0.00', '0.00', '1000.00', '0.00', '9999.99', '9999.99', '9999.99'),
(81, '14042181', 'admin', '', '', '', '2021-04-14', 'adasd', '2021-04-15', '', '', '0.00', '0.00', '0.00', '0.00', '0.00', '0.00', '0.00', '9999.99', '0.00', '9999.99'),
(82, '14042182', 'admin', '', '', '', '2021-04-14', 'adasd', '2021-04-15', '', '', '0.00', '0.00', '0.00', '0.00', '0.00', '0.00', '0.00', '112.00', '0.00', '112.00'),
(83, '14042183', 'admin', '', '', '', '2021-04-14', 'adasd', '2021-04-15', '', '', '0.00', '0.00', '0.00', '0.00', '0.00', '0.00', '0.00', '1000.00', '0.00', '1000.00'),
(84, '14042184', 'admin', '', '', '', '2021-04-14', 'adasd', '2021-04-15', '', '', '0.00', '0.00', '0.00', '0.00', '0.00', '0.00', '0.00', '9999.99', '0.00', '9999.99'),
(85, '14042185', 'admin', 'Tahidul', 'Zeropointcomputing,\r\nParamedical Rode, Infront of Public Service Commission oFFICE', 'Rajshahi, lAXMIPUR, rAJPARA, vATAPARA, APEL dECORATOR ER mORE', '2021-04-14', 'bikash', '2021-04-15', 'Demo notes will goes here', 'Demo terms text goes here', '10.00', '0.00', '5.00', '0.00', '0.00', '0.00', '80000.00', '84000.00', '40000.00', '44000.00'),
(86, '14042186', 'admin', 'asdasdad', 'asdasd', 'asdad', '2021-04-14', 'adasd', '2021-04-14', 'sadadsASD', 'ASDFASDFASFD', '0.00', '22.00', '0.00', '0.00', '0.00', '0.00', '2222.00', '2244.00', '100.00', '2144.00'),
(87, '17042187', 'tahidul', 'tahidul', 'rajshshi', 'rahshshi', '2021-04-17', 'adasd', '2021-04-18', 'sfsfasf', 'sdfasfdasfd', '2.00', '0.00', '0.00', '348.00', '0.00', '0.00', '20000.00', '20052.00', '12250.00', '7802.00'),
(88, '17042188', 'tahidul', 'tahidul', 'sfsf', 'sdfsfd', '2021-04-17', 'qeqwe', '2021-04-18', 'weqwe', 'qweqwe', '212.00', '0.00', '0.00', '0.00', '0.00', '0.00', '2222.00', '6932.64', '121233.00', '-114300.36'),
(89, '17042189', 'tahidul', 'dadad', 'asdasdASD', 'adASDadsADS', '2021-04-17', 'fsfsf', '2021-04-18', 'fdasf', 'asfdasfd', '209.00', '0.00', '0.00', '0.00', '0.00', '0.00', '25663.00', '79298.67', '3321.00', '75977.67'),
(90, '18042190', 'tahidul', 'jgasjgajgfjfg', 'asdaDSa', 'aSDasdADSa', '2021-04-18', 'asdadsaDS', '2021-04-19', 'ASASFDF', 'ASFAFAF', '12.00', '0.00', '0.00', '0.00', '0.00', '0.00', '111.00', '124.32', '12.00', '112.32');

-- --------------------------------------------------------

--
-- Table structure for table `tbl_item`
--

CREATE TABLE `tbl_item` (
  `id` int(11) NOT NULL,
  `invnumber` varchar(50) NOT NULL,
  `username` varchar(50) NOT NULL,
  `item` varchar(255) NOT NULL,
  `quantity` int(50) NOT NULL,
  `rate` decimal(8,2) NOT NULL,
  `total` decimal(8,2) NOT NULL
) ENGINE=InnoDB DEFAULT CHARSET=utf8mb4;

--
-- Dumping data for table `tbl_item`
--

INSERT INTO `tbl_item` (`id`, `invnumber`, `username`, `item`, `quantity`, `rate`, `total`) VALUES
(1, '', '', 'item2', 22, '1.00', '0.00'),
(2, '', '', 'item1', 1, '11.00', '0.00'),
(3, '', '', 'dsf', 2, '2.00', '0.00'),
(4, '', '', '', 0, '0.00', '0.00'),
(5, '', '', '', 0, '0.00', '0.00'),
(6, '', '', '', 2, '1.00', '0.00'),
(7, '', '', '', 2, '2.00', '0.00'),
(8, '', '', '', 0, '0.00', '0.00'),
(9, '', '', '', 0, '0.00', '0.00'),
(10, '', '', '', 0, '0.00', '0.00'),
(11, '07042160', '', 'ttyt', 2, '2.00', '0.00'),
(12, '07042160', '', 'ttyt', 2, '2.00', '0.00'),
(13, '07042161', '', '', 0, '0.00', '0.00'),
(14, '07042162', '', '', 0, '0.00', '0.00'),
(15, '07042163', '', '', 0, '0.00', '0.00'),
(16, '08042164', '', '', 0, '0.00', '0.00'),
(17, '08042165', '', '', 0, '0.00', '0.00'),
(18, '08042166', '', '', 0, '0.00', '0.00'),
(19, '08042167', '', '', 0, '0.00', '0.00'),
(20, '11042168', '', '', 0, '0.00', '0.00'),
(21, '11042168', '', '', 0, '0.00', '0.00'),
(22, '11042168', '', '', 0, '0.00', '0.00'),
(23, '11042168', '', '', 0, '0.00', '0.00'),
(24, '11042168', '', '', 0, '0.00', '0.00'),
(25, '11042168', '', '', 0, '0.00', '0.00'),
(26, '11042169', '', '', 0, '0.00', '0.00'),
(27, '11042170', '', '', 0, '0.00', '0.00'),
(28, '11042171', '', '', 0, '0.00', '0.00'),
(29, '12042172', '', 'prod2', 1, '5.00', '0.00'),
(30, '12042172', '', 'prod1', 2, '5.00', '0.00'),
(31, '12042173', 'admin', 'dasdads', 1, '2.02', '0.00'),
(32, '12042173', 'admin', 'asdas', 2, '1.22', '0.00'),
(33, '12042174', 'admin', 'qweqwe', 2, '2.22', '4.44'),
(34, '12042174', 'admin', 'asdas', 1, '1.20', '1.20'),
(35, '12042175', 'admin', '', 2, '2.00', '4.00'),
(36, '12042176', 'admin', 'dadsadss', 2, '2.00', '4.00'),
(37, '12042176', 'admin', 'gadsfgasdasdasf', 2, '5.00', '10.00'),
(38, '12042177', 'admin', 'fweqw', 5, '5.00', '25.00'),
(39, '12042177', 'admin', 'qwrqwer', 3, '3.00', '9.00'),
(40, '13042178', 'admin', 'two', 2, '2.00', '4.00'),
(41, '13042178', 'admin', 'one', 1, '1.00', '1.00'),
(42, '13042179', 'admin', 'tytuytu', 9, '9.00', '81.00'),
(43, '13042179', 'admin', 'dfg', 5, '5.00', '25.00'),
(44, '14042180', 'admin', 'computer', 1, '9999.99', '9999.99'),
(45, '14042180', 'admin', 'laptop', 1, '9999.99', '9999.99'),
(46, '14042181', 'admin', '', 2, '9999.99', '9999.99'),
(47, '14042182', 'admin', '', 2, '56.00', '112.00'),
(48, '14042183', 'admin', '', 1, '1000.00', '1000.00'),
(49, '14042184', 'admin', '', 1, '9999.99', '9999.99'),
(50, '14042185', 'admin', 'Laptop', 1, '50000.00', '50000.00'),
(51, '14042185', 'admin', 'computer', 1, '30000.00', '30000.00'),
(52, '14042186', 'admin', 'asdasd', 1, '2222.00', '2222.00'),
(53, '17042187', 'tahidul', 'gajgfjasgfgasd', 1, '20000.00', '20000.00'),
(54, '17042188', 'tahidul', 'safsfda', 1, '2222.00', '2222.00'),
(55, '17042189', 'tahidul', 'adsADSad', 11, '2333.00', '25663.00'),
(56, '18042190', 'tahidul', 'asdaSD', 1, '111.00', '111.00');

-- --------------------------------------------------------

--
-- Table structure for table `tbl_logo`
--

CREATE TABLE `tbl_logo` (
  `id` int(11) NOT NULL,
  `username` varchar(255) NOT NULL,
  `logo` varchar(255) NOT NULL
) ENGINE=InnoDB DEFAULT CHARSET=utf8mb4;

--
-- Dumping data for table `tbl_logo`
--

INSERT INTO `tbl_logo` (`id`, `username`, `logo`) VALUES
(1, 'tahidul', 'assets/images/uploads/images.png');

-- --------------------------------------------------------

--
-- Table structure for table `tbl_user`
--

CREATE TABLE `tbl_user` (
  `id` int(11) NOT NULL,
  `company` varchar(255) NOT NULL,
  `mobile` varchar(255) NOT NULL,
  `username` varchar(255) NOT NULL,
  `email` varchar(255) NOT NULL,
  `password` varchar(11) NOT NULL,
  `signature` varchar(255) NOT NULL
) ENGINE=InnoDB DEFAULT CHARSET=utf8mb4;

--
-- Dumping data for table `tbl_user`
--

INSERT INTO `tbl_user` (`id`, `company`, `mobile`, `username`, `email`, `password`, `signature`) VALUES
(1, '', '', 'admin', 'admin@gmail.com', 'admin', ''),
(2, '', '', 'tahidul', 'tituphy355@gmail.com', 'tahidul', 'zpc-logo.png'),
(3, '', '', 'tohidul', 'tituphy355@gmail.com', 'tahidul', 'images.png'),
(4, '', '', 'aloadhar', 'tituphy355@gmail.com', 'aloadhar', 'download.jpg'),
(5, '', '', 'ami', 'ami@gmail.com', 'ami', 'whiteboard.PNG'),
(6, 'Torrid Products Com.', '01740072011', 'amitumi', 'amitumi@gmail', 'amitumi', 'zpc-logo.png');

--
-- Indexes for dumped tables
--

--
-- Indexes for table `tbl_info`
--
ALTER TABLE `tbl_info`
  ADD PRIMARY KEY (`iid`);

--
-- Indexes for table `tbl_item`
--
ALTER TABLE `tbl_item`
  ADD PRIMARY KEY (`id`);

--
-- Indexes for table `tbl_logo`
--
ALTER TABLE `tbl_logo`
  ADD PRIMARY KEY (`id`);

--
-- Indexes for table `tbl_user`
--
ALTER TABLE `tbl_user`
  ADD PRIMARY KEY (`id`);

--
-- AUTO_INCREMENT for dumped tables
--

--
-- AUTO_INCREMENT for table `tbl_info`
--
ALTER TABLE `tbl_info`
  MODIFY `iid` int(11) NOT NULL AUTO_INCREMENT, AUTO_INCREMENT=91;

--
-- AUTO_INCREMENT for table `tbl_item`
--
ALTER TABLE `tbl_item`
  MODIFY `id` int(11) NOT NULL AUTO_INCREMENT, AUTO_INCREMENT=57;

--
-- AUTO_INCREMENT for table `tbl_logo`
--
ALTER TABLE `tbl_logo`
  MODIFY `id` int(11) NOT NULL AUTO_INCREMENT, AUTO_INCREMENT=2;

--
-- AUTO_INCREMENT for table `tbl_user`
--
ALTER TABLE `tbl_user`
  MODIFY `id` int(11) NOT NULL AUTO_INCREMENT, AUTO_INCREMENT=7;
COMMIT;

/*!40101 SET CHARACTER_SET_CLIENT=@OLD_CHARACTER_SET_CLIENT */;
/*!40101 SET CHARACTER_SET_RESULTS=@OLD_CHARACTER_SET_RESULTS */;
/*!40101 SET COLLATION_CONNECTION=@OLD_COLLATION_CONNECTION */;
